ID,Acceptor ChainID,Acceptor Protein Type,Acceptor Protein ResID,Substrate ChainID,Substrate Protein Type,Substrate Protein ResID,#Frames
HlyB Closed Atomistic Repeat,A,A,253,C,S,22,226
HlyB Closed Atomistic Repeat,A,A,253,C,Y,23,3419
HlyB Closed Atomistic Repeat,A,A,327,C,A,18,1611
HlyB Closed Atomistic Repeat,A,A,327,C,F,21,1771
HlyB Closed Atomistic Repeat,A,A,327,C,G,16,3
HlyB Closed Atomistic Repeat,A,A,327,C,N,17,1939
HlyB Closed Atomistic Repeat,A,A,327,C,S,19,5190
HlyB Closed Atomistic Repeat,A,A,327,C,Y,23,232
HlyB Closed Atomistic Repeat,A,C,4,C,A,18,2
HlyB Closed Atomistic Repeat,A,C,4,C,F,21,77
HlyB Closed Atomistic Repeat,A,C,4,C,N,17,5
HlyB Closed Atomistic Repeat,A,C,4,C,S,19,172
HlyB Closed Atomistic Repeat,A,C,4,C,S,22,69
HlyB Closed Atomistic Repeat,A,C,4,C,Y,23,1767
HlyB Closed Atomistic Repeat,A,D,2,C,Y,23,64
HlyB Closed Atomistic Repeat,A,D,8,C,G,16,1
HlyB Closed Atomistic Repeat,A,D,8,C,L,11,7
HlyB Closed Atomistic Repeat,A,D,8,C,L,12,936
HlyB Closed Atomistic Repeat,A,D,8,C,L,14,1901
HlyB Closed Atomistic Repeat,A,D,8,C,S,10,98
HlyB Closed Atomistic Repeat,A,D,37,C,A,9,3
HlyB Closed Atomistic Repeat,A,D,37,C,E,5,41
HlyB Closed Atomistic Repeat,A,D,37,C,R,6,44
HlyB Closed Atomistic Repeat,A,D,37,C,T,7,258
HlyB Closed Atomistic Repeat,A,D,80,C,L,12,294
HlyB Closed Atomistic Repeat,A,D,80,C,L,14,7297
HlyB Closed Atomistic Repeat,A,D,80,C,Q,13,6806
HlyB Closed Atomistic Repeat,A,D,80,C,S,15,103
HlyB Closed Atomistic Repeat,A,D,250,C,D,20,165
HlyB Closed Atomistic Repeat,A,D,250,C,F,21,50
HlyB Closed Atomistic Repeat,A,D,250,C,N,17,106
HlyB Closed Atomistic Repeat,A,D,250,C,S,19,2
HlyB Closed Atomistic Repeat,A,D,250,C,S,22,446
HlyB Closed Atomistic Repeat,A,D,250,C,Y,23,4418
HlyB Closed Atomistic Repeat,A,D,320,C,Y,23,2
HlyB Closed Atomistic Repeat,A,D,328,C,G,16,1
HlyB Closed Atomistic Repeat,A,D,328,C,N,17,699
HlyB Closed Atomistic Repeat,A,D,480,C,A,8,1172
HlyB Closed Atomistic Repeat,A,D,480,C,A,9,871
HlyB Closed Atomistic Repeat,A,D,480,C,D,1,4
HlyB Closed Atomistic Repeat,A,D,480,C,E,4,2
HlyB Closed Atomistic Repeat,A,D,480,C,E,5,34
HlyB Closed Atomistic Repeat,A,D,480,C,K,3,188
HlyB Closed Atomistic Repeat,A,D,480,C,R,6,89
HlyB Closed Atomistic Repeat,A,D,480,C,S,10,324
HlyB Closed Atomistic Repeat,A,D,480,C,T,7,2377
HlyB Closed Atomistic Repeat,A,D,480,C,V,2,3
HlyB Closed Atomistic Repeat,A,D,486,C,K,3,7
HlyB Closed Atomistic Repeat,A,E,79,C,E,5,21
HlyB Closed Atomistic Repeat,A,E,79,C,L,11,1790
HlyB Closed Atomistic Repeat,A,E,79,C,L,12,6407
HlyB Closed Atomistic Repeat,A,E,79,C,L,14,6179
HlyB Closed Atomistic Repeat,A,E,79,C,Q,13,6705
HlyB Closed Atomistic Repeat,A,E,79,C,S,10,8
HlyB Closed Atomistic Repeat,A,E,102,C,N,17,1
HlyB Closed Atomistic Repeat,A,E,257,C,S,22,13
HlyB Closed Atomistic Repeat,A,E,257,C,Y,23,75
HlyB Closed Atomistic Repeat,A,E,335,C,A,18,896
HlyB Closed Atomistic Repeat,A,E,335,C,N,17,15
HlyB Closed Atomistic Repeat,A,E,631,C,R,6,6
HlyB Closed Atomistic Repeat,A,E,677,C,D,1,10
HlyB Closed Atomistic Repeat,A,E,677,C,E,5,167
HlyB Closed Atomistic Repeat,A,E,677,C,K,3,20
HlyB Closed Atomistic Repeat,A,E,677,C,V,2,1332
HlyB Closed Atomistic Repeat,A,E,695,C,D,1,941
HlyB Closed Atomistic Repeat,A,E,695,C,K,3,14
HlyB Closed Atomistic Repeat,A,E,695,C,V,2,97
HlyB Closed Atomistic Repeat,A,F,243,C,R,6,41
HlyB Closed Atomistic Repeat,A,F,323,C,F,21,1882
HlyB Closed Atomistic Repeat,A,F,323,C,N,17,25
HlyB Closed Atomistic Repeat,A,F,323,C,S,19,45
HlyB Closed Atomistic Repeat,A,F,323,C,S,22,552
HlyB Closed Atomistic Repeat,A,F,323,C,Y,23,1743
HlyB Closed Atomistic Repeat,A,F,475,C,E,5,1
HlyB Closed Atomistic Repeat,A,G,10,C,L,11,674
HlyB Closed Atomistic Repeat,A,G,10,C,L,12,668
HlyB Closed Atomistic Repeat,A,G,10,C,L,14,62
HlyB Closed Atomistic Repeat,A,G,38,C,E,5,8
HlyB Closed Atomistic Repeat,A,G,38,C,R,6,1
HlyB Closed Atomistic Repeat,A,G,38,C,T,7,158
HlyB Closed Atomistic Repeat,A,G,40,C,A,8,44
HlyB Closed Atomistic Repeat,A,G,40,C,A,9,633
HlyB Closed Atomistic Repeat,A,G,40,C,L,11,4308
HlyB Closed Atomistic Repeat,A,G,40,C,L,12,142
HlyB Closed Atomistic Repeat,A,G,40,C,L,14,533
HlyB Closed Atomistic Repeat,A,G,40,C,Q,13,211
HlyB Closed Atomistic Repeat,A,G,40,C,R,6,1
HlyB Closed Atomistic Repeat,A,G,40,C,S,10,552
HlyB Closed Atomistic Repeat,A,G,40,C,S,15,9
HlyB Closed Atomistic Repeat,A,G,40,C,T,7,365
HlyB Closed Atomistic Repeat,A,G,42,C,A,8,297
HlyB Closed Atomistic Repeat,A,G,42,C,A,9,915
HlyB Closed Atomistic Repeat,A,G,42,C,L,11,5452
HlyB Closed Atomistic Repeat,A,G,42,C,L,12,3720
HlyB Closed Atomistic Repeat,A,G,42,C,L,14,1
HlyB Closed Atomistic Repeat,A,G,42,C,R,6,1
HlyB Closed Atomistic Repeat,A,G,42,C,S,10,5606
HlyB Closed Atomistic Repeat,A,G,42,C,T,7,156
HlyB Closed Atomistic Repeat,A,G,81,C,L,12,789
HlyB Closed Atomistic Repeat,A,G,81,C,L,14,6950
HlyB Closed Atomistic Repeat,A,G,81,C,Q,13,2
HlyB Closed Atomistic Repeat,A,G,81,C,S,15,13
HlyB Closed Atomistic Repeat,A,G,249,C,D,20,20
HlyB Closed Atomistic Repeat,A,G,249,C,F,21,1
HlyB Closed Atomistic Repeat,A,G,249,C,S,22,15
HlyB Closed Atomistic Repeat,A,G,249,C,Y,23,4216
HlyB Closed Atomistic Repeat,A,G,505,C,D,1,91
HlyB Closed Atomistic Repeat,A,G,505,C,E,4,5
HlyB Closed Atomistic Repeat,A,G,505,C,E,5,1301
HlyB Closed Atomistic Repeat,A,G,505,C,R,6,1977
HlyB Closed Atomistic Repeat,A,G,505,C,V,2,50
HlyB Closed Atomistic Repeat,A,G,507,C,E,5,86
HlyB Closed Atomistic Repeat,A,G,679,C,D,1,3
HlyB Closed Atomistic Repeat,A,G,679,C,E,5,36
HlyB Closed Atomistic Repeat,A,G,679,C,V,2,7
HlyB Closed Atomistic Repeat,A,H,5,C,A,18,11
HlyB Closed Atomistic Repeat,A,H,5,C,D,20,1
HlyB Closed Atomistic Repeat,A,H,5,C,F,21,66
HlyB Closed Atomistic Repeat,A,H,5,C,G,16,47
HlyB Closed Atomistic Repeat,A,H,5,C,N,17,287
HlyB Closed Atomistic Repeat,A,H,5,C,S,19,17
HlyB Closed Atomistic Repeat,A,H,5,C,S,22,11
HlyB Closed Atomistic Repeat,A,H,5,C,Y,23,1212
HlyB Closed Atomistic Repeat,A,H,83,C,L,11,374
HlyB Closed Atomistic Repeat,A,H,83,C,L,12,3880
HlyB Closed Atomistic Repeat,A,H,83,C,L,14,3125
HlyB Closed Atomistic Repeat,A,H,121,C,E,4,225
HlyB Closed Atomistic Repeat,A,H,121,C,E,5,133
HlyB Closed Atomistic Repeat,A,H,121,C,L,11,49
HlyB Closed Atomistic Repeat,A,H,121,C,R,6,15
HlyB Closed Atomistic Repeat,A,I,7,C,A,9,3
HlyB Closed Atomistic Repeat,A,I,7,C,G,16,6346
HlyB Closed Atomistic Repeat,A,I,7,C,L,11,124
HlyB Closed Atomistic Repeat,A,I,7,C,L,12,1620
HlyB Closed Atomistic Repeat,A,I,7,C,L,14,6412
HlyB Closed Atomistic Repeat,A,I,7,C,N,17,2094
HlyB Closed Atomistic Repeat,A,I,7,C,Q,13,28
HlyB Closed Atomistic Repeat,A,I,7,C,S,10,192
HlyB Closed Atomistic Repeat,A,I,7,C,S,15,3869
HlyB Closed Atomistic Repeat,A,I,123,C,L,11,28
HlyB Closed Atomistic Repeat,A,I,439,C,Y,23,67
HlyB Closed Atomistic Repeat,A,I,484,C,D,1,187
HlyB Closed Atomistic Repeat,A,I,484,C,E,5,146
HlyB Closed Atomistic Repeat,A,I,484,C,K,3,1259
HlyB Closed Atomistic Repeat,A,I,484,C,R,6,30
HlyB Closed Atomistic Repeat,A,I,484,C,V,2,539
HlyB Closed Atomistic Repeat,A,K,6,C,A,18,1609
HlyB Closed Atomistic Repeat,A,K,6,C,D,20,1719
HlyB Closed Atomistic Repeat,A,K,6,C,F,21,305
HlyB Closed Atomistic Repeat,A,K,6,C,G,16,6867
HlyB Closed Atomistic Repeat,A,K,6,C,L,12,39
HlyB Closed Atomistic Repeat,A,K,6,C,L,14,3613
HlyB Closed Atomistic Repeat,A,K,6,C,N,17,2711
HlyB Closed Atomistic Repeat,A,K,6,C,S,15,2082
HlyB Closed Atomistic Repeat,A,K,6,C,S,19,2660
HlyB Closed Atomistic Repeat,A,K,6,C,Y,23,1606
HlyB Closed Atomistic Repeat,A,K,51,C,D,1,54
HlyB Closed Atomistic Repeat,A,K,51,C,V,2,158
HlyB Closed Atomistic Repeat,A,K,58,C,D,1,3
HlyB Closed Atomistic Repeat,A,K,61,C,D,1,4
HlyB Closed Atomistic Repeat,A,K,61,C,E,4,125
HlyB Closed Atomistic Repeat,A,K,61,C,E,5,2
HlyB Closed Atomistic Repeat,A,K,61,C,K,3,19
HlyB Closed Atomistic Repeat,A,K,61,C,R,6,17
HlyB Closed Atomistic Repeat,A,K,61,C,V,2,3
HlyB Closed Atomistic Repeat,A,K,478,C,A,8,72
HlyB Closed Atomistic Repeat,A,K,478,C,A,9,113
HlyB Closed Atomistic Repeat,A,K,478,C,D,1,1
HlyB Closed Atomistic Repeat,A,K,478,C,E,4,16
HlyB Closed Atomistic Repeat,A,K,478,C,E,5,495
HlyB Closed Atomistic Repeat,A,K,478,C,K,3,40
HlyB Closed Atomistic Repeat,A,K,478,C,L,11,57
HlyB Closed Atomistic Repeat,A,K,478,C,Q,13,3
HlyB Closed Atomistic Repeat,A,K,478,C,R,6,314
HlyB Closed Atomistic Repeat,A,K,478,C,S,10,17
HlyB Closed Atomistic Repeat,A,K,478,C,T,7,4810
HlyB Closed Atomistic Repeat,A,K,478,C,V,2,36
HlyB Closed Atomistic Repeat,A,K,513,C,E,5,7
HlyB Closed Atomistic Repeat,A,K,678,C,D,1,896
HlyB Closed Atomistic Repeat,A,K,678,C,E,4,84
HlyB Closed Atomistic Repeat,A,K,678,C,E,5,3485
HlyB Closed Atomistic Repeat,A,K,678,C,K,3,912
HlyB Closed Atomistic Repeat,A,K,678,C,V,2,2508
HlyB Closed Atomistic Repeat,A,K,680,C,K,3,3
HlyB Closed Atomistic Repeat,A,L,11,C,L,11,8
HlyB Closed Atomistic Repeat,A,L,11,C,L,12,5
HlyB Closed Atomistic Repeat,A,L,41,C,A,8,5
HlyB Closed Atomistic Repeat,A,L,41,C,A,9,166
HlyB Closed Atomistic Repeat,A,L,41,C,L,11,4477
HlyB Closed Atomistic Repeat,A,L,41,C,L,12,3821
HlyB Closed Atomistic Repeat,A,L,41,C,L,14,498
HlyB Closed Atomistic Repeat,A,L,41,C,Q,13,8
HlyB Closed Atomistic Repeat,A,L,41,C,S,10,1044
HlyB Closed Atomistic Repeat,A,L,41,C,T,7,44
HlyB Closed Atomistic Repeat,A,L,43,C,A,8,110
HlyB Closed Atomistic Repeat,A,L,43,C,A,9,112
HlyB Closed Atomistic Repeat,A,L,43,C,E,4,217
HlyB Closed Atomistic Repeat,A,L,43,C,E,5,85
HlyB Closed Atomistic Repeat,A,L,43,C,K,3,6
HlyB Closed Atomistic Repeat,A,L,43,C,L,11,4417
HlyB Closed Atomistic Repeat,A,L,43,C,L,12,5617
HlyB Closed Atomistic Repeat,A,L,43,C,Q,13,6
HlyB Closed Atomistic Repeat,A,L,43,C,S,10,4068
HlyB Closed Atomistic Repeat,A,L,43,C,T,7,7
HlyB Closed Atomistic Repeat,A,L,43,C,V,2,16
HlyB Closed Atomistic Repeat,A,L,47,C,D,1,2
HlyB Closed Atomistic Repeat,A,L,47,C,E,4,199
HlyB Closed Atomistic Repeat,A,L,47,C,K,3,69
HlyB Closed Atomistic Repeat,A,L,47,C,V,2,179
HlyB Closed Atomistic Repeat,A,L,48,C,D,1,38
HlyB Closed Atomistic Repeat,A,L,48,C,T,7,23
HlyB Closed Atomistic Repeat,A,L,48,C,V,2,56
HlyB Closed Atomistic Repeat,A,L,75,C,L,11,22
HlyB Closed Atomistic Repeat,A,L,333,C,F,21,1
HlyB Closed Atomistic Repeat,A,L,444,C,Y,23,2
HlyB Closed Atomistic Repeat,A,L,485,C,D,1,2
HlyB Closed Atomistic Repeat,A,L,485,C,E,4,1
HlyB Closed Atomistic Repeat,A,L,485,C,E,5,1244
HlyB Closed Atomistic Repeat,A,L,485,C,K,3,22
HlyB Closed Atomistic Repeat,A,L,485,C,V,2,27
HlyB Closed Atomistic Repeat,A,L,697,C,D,1,61
HlyB Closed Atomistic Repeat,A,L,697,C,V,2,15
HlyB Closed Atomistic Repeat,A,N,326,C,A,18,3
HlyB Closed Atomistic Repeat,A,N,326,C,F,21,1704
HlyB Closed Atomistic Repeat,A,N,326,C,S,19,752
HlyB Closed Atomistic Repeat,A,N,326,C,S,22,7
HlyB Closed Atomistic Repeat,A,N,326,C,Y,23,18
HlyB Closed Atomistic Repeat,A,P,479,C,A,8,168
HlyB Closed Atomistic Repeat,A,P,479,C,A,9,667
HlyB Closed Atomistic Repeat,A,P,479,C,D,1,42
HlyB Closed Atomistic Repeat,A,P,479,C,K,3,3
HlyB Closed Atomistic Repeat,A,P,479,C,S,10,2
HlyB Closed Atomistic Repeat,A,P,479,C,T,7,2490
HlyB Closed Atomistic Repeat,A,P,479,C,V,2,2
HlyB Closed Atomistic Repeat,A,P,482,C,A,8,130
HlyB Closed Atomistic Repeat,A,P,482,C,D,1,196
HlyB Closed Atomistic Repeat,A,P,482,C,E,4,1967
HlyB Closed Atomistic Repeat,A,P,482,C,E,5,265
HlyB Closed Atomistic Repeat,A,P,482,C,K,3,2571
HlyB Closed Atomistic Repeat,A,P,482,C,R,6,1557
HlyB Closed Atomistic Repeat,A,P,482,C,T,7,1168
HlyB Closed Atomistic Repeat,A,P,482,C,V,2,1378
HlyB Closed Atomistic Repeat,A,Q,59,C,D,1,35
HlyB Closed Atomistic Repeat,A,Q,59,C,E,4,209
HlyB Closed Atomistic Repeat,A,Q,59,C,K,3,2
HlyB Closed Atomistic Repeat,A,Q,59,C,L,11,2
HlyB Closed Atomistic Repeat,A,Q,59,C,V,2,160
HlyB Closed Atomistic Repeat,A,Q,119,C,E,5,8
HlyB Closed Atomistic Repeat,A,Q,330,C,A,18,1508
HlyB Closed Atomistic Repeat,A,Q,330,C,D,20,5475
HlyB Closed Atomistic Repeat,A,Q,330,C,F,21,7151
HlyB Closed Atomistic Repeat,A,Q,330,C,N,17,31
HlyB Closed Atomistic Repeat,A,Q,330,C,S,19,6455
HlyB Closed Atomistic Repeat,A,Q,330,C,S,22,96
HlyB Closed Atomistic Repeat,A,Q,330,C,Y,23,12
HlyB Closed Atomistic Repeat,A,Q,436,C,Y,23,10
HlyB Closed Atomistic Repeat,A,Q,602,C,Y,23,3
HlyB Closed Atomistic Repeat,A,Q,703,C,D,1,7
HlyB Closed Atomistic Repeat,A,Q,703,C,K,3,5
HlyB Closed Atomistic Repeat,A,R,78,C,L,11,3
HlyB Closed Atomistic Repeat,A,R,78,C,L,12,950
HlyB Closed Atomistic Repeat,A,R,78,C,L,14,711
HlyB Closed Atomistic Repeat,A,R,78,C,Q,13,17
HlyB Closed Atomistic Repeat,A,R,82,C,L,14,68
HlyB Closed Atomistic Repeat,A,R,104,C,Y,23,21
HlyB Closed Atomistic Repeat,A,R,246,C,D,20,2
HlyB Closed Atomistic Repeat,A,R,246,C,G,16,1
HlyB Closed Atomistic Repeat,A,R,246,C,L,12,11
HlyB Closed Atomistic Repeat,A,R,246,C,N,17,342
HlyB Closed Atomistic Repeat,A,R,246,C,Y,23,43
HlyB Closed Atomistic Repeat,A,R,247,C,A,18,83
HlyB Closed Atomistic Repeat,A,R,247,C,D,20,6851
HlyB Closed Atomistic Repeat,A,R,247,C,F,21,961
HlyB Closed Atomistic Repeat,A,R,247,C,G,16,3
HlyB Closed Atomistic Repeat,A,R,247,C,N,17,1236
HlyB Closed Atomistic Repeat,A,R,247,C,S,19,297
HlyB Closed Atomistic Repeat,A,R,247,C,S,22,208
HlyB Closed Atomistic Repeat,A,R,247,C,Y,23,4148
HlyB Closed Atomistic Repeat,A,R,254,C,S,22,13
HlyB Closed Atomistic Repeat,A,R,254,C,Y,23,923
HlyB Closed Atomistic Repeat,A,R,256,C,S,22,10
HlyB Closed Atomistic Repeat,A,R,256,C,Y,23,890
HlyB Closed Atomistic Repeat,A,R,316,C,Y,23,9
HlyB Closed Atomistic Repeat,A,R,443,C,S,22,22
HlyB Closed Atomistic Repeat,A,R,443,C,Y,23,1667
HlyB Closed Atomistic Repeat,A,R,476,C,D,1,186
HlyB Closed Atomistic Repeat,A,R,476,C,E,5,1
HlyB Closed Atomistic Repeat,A,R,503,C,D,1,871
HlyB Closed Atomistic Repeat,A,R,503,C,E,4,14
HlyB Closed Atomistic Repeat,A,R,503,C,E,5,26
HlyB Closed Atomistic Repeat,A,R,503,C,K,3,367
HlyB Closed Atomistic Repeat,A,R,503,C,R,6,3
HlyB Closed Atomistic Repeat,A,R,503,C,V,2,2418
HlyB Closed Atomistic Repeat,A,S,3,C,F,21,43
HlyB Closed Atomistic Repeat,A,S,3,C,N,17,11
HlyB Closed Atomistic Repeat,A,S,3,C,Y,23,1678
HlyB Closed Atomistic Repeat,A,S,45,C,A,8,55
HlyB Closed Atomistic Repeat,A,S,45,C,A,9,46
HlyB Closed Atomistic Repeat,A,S,45,C,L,11,6
HlyB Closed Atomistic Repeat,A,S,45,C,S,10,295
HlyB Closed Atomistic Repeat,A,S,45,C,T,7,140
HlyB Closed Atomistic Repeat,A,S,245,C,D,20,4
HlyB Closed Atomistic Repeat,A,S,245,C,N,17,1
HlyB Closed Atomistic Repeat,A,S,245,C,Y,23,1
HlyB Closed Atomistic Repeat,A,S,324,C,F,21,8
HlyB Closed Atomistic Repeat,A,S,324,C,N,17,46
HlyB Closed Atomistic Repeat,A,S,324,C,Y,23,4
HlyB Closed Atomistic Repeat,A,S,331,C,A,18,7041
HlyB Closed Atomistic Repeat,A,S,331,C,D,20,5
HlyB Closed Atomistic Repeat,A,S,331,C,F,21,80
HlyB Closed Atomistic Repeat,A,S,331,C,N,17,3730
HlyB Closed Atomistic Repeat,A,S,331,C,S,19,5094
HlyB Closed Atomistic Repeat,A,S,331,C,Y,23,1
HlyB Closed Atomistic Repeat,A,S,440,C,Y,23,4
HlyB Closed Atomistic Repeat,A,S,481,C,A,8,189
HlyB Closed Atomistic Repeat,A,S,481,C,D,1,3
HlyB Closed Atomistic Repeat,A,S,481,C,E,4,586
HlyB Closed Atomistic Repeat,A,S,481,C,E,5,1707
HlyB Closed Atomistic Repeat,A,S,481,C,K,3,93
HlyB Closed Atomistic Repeat,A,S,481,C,R,6,1360
HlyB Closed Atomistic Repeat,A,S,481,C,S,10,6
HlyB Closed Atomistic Repeat,A,S,481,C,T,7,2982
HlyB Closed Atomistic Repeat,A,S,481,C,V,2,18
HlyB Closed Atomistic Repeat,A,S,504,C,D,1,99
HlyB Closed Atomistic Repeat,A,S,504,C,E,4,30
HlyB Closed Atomistic Repeat,A,S,504,C,E,5,5962
HlyB Closed Atomistic Repeat,A,S,504,C,K,3,5
HlyB Closed Atomistic Repeat,A,S,504,C,R,6,10
HlyB Closed Atomistic Repeat,A,S,504,C,V,2,283
HlyB Closed Atomistic Repeat,A,S,506,C,D,1,45
HlyB Closed Atomistic Repeat,A,S,506,C,E,4,7
HlyB Closed Atomistic Repeat,A,S,506,C,E,5,4987
HlyB Closed Atomistic Repeat,A,S,506,C,K,3,13
HlyB Closed Atomistic Repeat,A,S,506,C,R,6,2783
HlyB Closed Atomistic Repeat,A,S,506,C,T,7,126
HlyB Closed Atomistic Repeat,A,S,506,C,V,2,38
HlyB Closed Atomistic Repeat,A,S,509,C,E,5,3
HlyB Closed Atomistic Repeat,A,S,509,C,R,6,293
HlyB Closed Atomistic Repeat,A,S,696,C,D,1,1738
HlyB Closed Atomistic Repeat,A,S,696,C,K,3,248
HlyB Closed Atomistic Repeat,A,S,696,C,V,2,1581
HlyB Closed Atomistic Repeat,A,S,699,C,D,1,5
HlyB Closed Atomistic Repeat,A,T,36,C,E,5,1
HlyB Closed Atomistic Repeat,A,T,39,C,A,8,432
HlyB Closed Atomistic Repeat,A,T,39,C,A,9,1242
HlyB Closed Atomistic Repeat,A,T,39,C,E,5,76
HlyB Closed Atomistic Repeat,A,T,39,C,L,11,3737
HlyB Closed Atomistic Repeat,A,T,39,C,L,12,2
HlyB Closed Atomistic Repeat,A,T,39,C,L,14,4
HlyB Closed Atomistic Repeat,A,T,39,C,Q,13,206
HlyB Closed Atomistic Repeat,A,T,39,C,R,6,231
HlyB Closed Atomistic Repeat,A,T,39,C,S,10,428
HlyB Closed Atomistic Repeat,A,T,39,C,S,15,2
HlyB Closed Atomistic Repeat,A,T,39,C,T,7,1524
HlyB Closed Atomistic Repeat,A,T,44,C,A,8,104
HlyB Closed Atomistic Repeat,A,T,44,C,A,9,949
HlyB Closed Atomistic Repeat,A,T,44,C,D,1,184
HlyB Closed Atomistic Repeat,A,T,44,C,E,4,1
HlyB Closed Atomistic Repeat,A,T,44,C,K,3,187
HlyB Closed Atomistic Repeat,A,T,44,C,L,11,464
HlyB Closed Atomistic Repeat,A,T,44,C,R,6,1
HlyB Closed Atomistic Repeat,A,T,44,C,S,10,2991
HlyB Closed Atomistic Repeat,A,T,44,C,T,7,212
HlyB Closed Atomistic Repeat,A,T,44,C,V,2,190
HlyB Closed Atomistic Repeat,A,T,338,C,A,18,4
HlyB Closed Atomistic Repeat,A,V,60,C,E,4,16
HlyB Closed Atomistic Repeat,A,V,252,C,Y,23,3
HlyB Closed Atomistic Repeat,A,V,334,C,A,18,5112
HlyB Closed Atomistic Repeat,A,V,334,C,D,20,5469
HlyB Closed Atomistic Repeat,A,V,334,C,F,21,1
HlyB Closed Atomistic Repeat,A,V,334,C,N,17,3
HlyB Closed Atomistic Repeat,A,V,334,C,S,19,4241
HlyB Closed Atomistic Repeat,A,V,483,C,D,1,29
HlyB Closed Atomistic Repeat,A,V,483,C,E,4,3400
HlyB Closed Atomistic Repeat,A,V,483,C,E,5,4649
HlyB Closed Atomistic Repeat,A,V,483,C,K,3,3170
HlyB Closed Atomistic Repeat,A,V,483,C,R,6,40
HlyB Closed Atomistic Repeat,A,V,483,C,T,7,264
HlyB Closed Atomistic Repeat,A,V,483,C,V,2,1828
HlyB Closed Atomistic Repeat,A,W,46,C,E,4,1
HlyB Closed Atomistic Repeat,A,W,46,C,L,11,810
HlyB Closed Atomistic Repeat,A,W,46,C,L,12,1458
HlyB Closed Atomistic Repeat,A,W,77,C,E,4,223
HlyB Closed Atomistic Repeat,A,W,77,C,E,5,81
HlyB Closed Atomistic Repeat,A,W,77,C,L,11,1392
HlyB Closed Atomistic Repeat,A,W,77,C,L,12,5732
HlyB Closed Atomistic Repeat,A,W,77,C,L,14,13
HlyB Closed Atomistic Repeat,A,Y,9,C,G,16,873
HlyB Closed Atomistic Repeat,A,Y,9,C,L,12,1314
HlyB Closed Atomistic Repeat,A,Y,9,C,L,14,7006
HlyB Closed Atomistic Repeat,A,Y,9,C,N,17,303
HlyB Closed Atomistic Repeat,A,Y,9,C,S,10,1
HlyB Closed Atomistic Repeat,A,Y,9,C,S,15,655
HlyB Closed Atomistic Repeat,A,Y,9,C,Y,23,4
HlyB Closed Atomistic Repeat,A,Y,477,C,D,1,1
HlyB Closed Atomistic Repeat,A,Y,477,C,E,4,176
HlyB Closed Atomistic Repeat,A,Y,477,C,E,5,5308
HlyB Closed Atomistic Repeat,A,Y,477,C,K,3,156
HlyB Closed Atomistic Repeat,A,Y,477,C,R,6,14
HlyB Closed Atomistic Repeat,A,Y,477,C,T,7,904
HlyB Closed Atomistic Repeat,A,Y,477,C,V,2,37
HlyB Closed Atomistic Repeat,A,Y,700,C,D,1,111
HlyB Closed Atomistic Repeat,A,Y,700,C,K,3,10
HlyB Closed Atomistic Repeat,A,Y,700,C,V,2,6
HlyB Closed Atomistic Repeat,B,A,253,C,D,20,1
HlyB Closed Atomistic Repeat,B,A,253,C,F,21,5345
HlyB Closed Atomistic Repeat,B,A,253,C,S,22,5583
HlyB Closed Atomistic Repeat,B,A,253,C,Y,23,1
HlyB Closed Atomistic Repeat,B,A,327,C,Y,23,4
HlyB Closed Atomistic Repeat,B,A,604,C,A,9,82
HlyB Closed Atomistic Repeat,B,A,604,C,G,16,4
HlyB Closed Atomistic Repeat,B,A,604,C,L,11,972
HlyB Closed Atomistic Repeat,B,A,604,C,R,6,6
HlyB Closed Atomistic Repeat,B,A,604,C,S,10,82
HlyB Closed Atomistic Repeat,B,A,604,C,S,15,311
HlyB Closed Atomistic Repeat,B,A,635,C,E,4,1
HlyB Closed Atomistic Repeat,B,C,4,C,Y,23,44
HlyB Closed Atomistic Repeat,B,D,2,C,S,22,2
HlyB Closed Atomistic Repeat,B,D,2,C,Y,23,1
HlyB Closed Atomistic Repeat,B,D,250,C,S,22,5447
HlyB Closed Atomistic Repeat,B,D,250,C,Y,23,457
HlyB Closed Atomistic Repeat,B,D,586,C,D,1,2
HlyB Closed Atomistic Repeat,B,D,586,C,E,4,12
HlyB Closed Atomistic Repeat,B,D,586,C,K,3,61
HlyB Closed Atomistic Repeat,B,D,586,C,R,6,502
HlyB Closed Atomistic Repeat,B,D,586,C,V,2,12
HlyB Closed Atomistic Repeat,B,D,637,C,D,1,220
HlyB Closed Atomistic Repeat,B,D,637,C,E,4,29
HlyB Closed Atomistic Repeat,B,D,637,C,E,5,1
HlyB Closed Atomistic Repeat,B,D,637,C,K,3,4
HlyB Closed Atomistic Repeat,B,D,637,C,R,6,75
HlyB Closed Atomistic Repeat,B,D,637,C,V,2,1
HlyB Closed Atomistic Repeat,B,E,257,C,F,21,54
HlyB Closed Atomistic Repeat,B,E,335,C,Y,23,9
HlyB Closed Atomistic Repeat,B,E,590,C,A,8,1340
HlyB Closed Atomistic Repeat,B,E,590,C,A,9,556
HlyB Closed Atomistic Repeat,B,E,590,C,D,1,59
HlyB Closed Atomistic Repeat,B,E,590,C,E,4,5
HlyB Closed Atomistic Repeat,B,E,590,C,E,5,1
HlyB Closed Atomistic Repeat,B,E,590,C,K,3,631
HlyB Closed Atomistic Repeat,B,E,590,C,L,11,3
HlyB Closed Atomistic Repeat,B,E,590,C,R,6,2373
HlyB Closed Atomistic Repeat,B,E,590,C,S,10,4
HlyB Closed Atomistic Repeat,B,E,590,C,T,7,413
HlyB Closed Atomistic Repeat,B,E,590,C,V,2,110
HlyB Closed Atomistic Repeat,B,E,593,C,A,9,3
HlyB Closed Atomistic Repeat,B,E,593,C,L,11,102
HlyB Closed Atomistic Repeat,B,E,593,C,L,12,1
HlyB Closed Atomistic Repeat,B,E,593,C,Q,13,3713
HlyB Closed Atomistic Repeat,B,E,593,C,S,10,221
HlyB Closed Atomistic Repeat,B,E,601,C,A,18,2387
HlyB Closed Atomistic Repeat,B,E,601,C,D,20,25
HlyB Closed Atomistic Repeat,B,E,601,C,G,16,1673
HlyB Closed Atomistic Repeat,B,E,601,C,N,17,4690
HlyB Closed Atomistic Repeat,B,E,601,C,S,15,259
HlyB Closed Atomistic Repeat,B,E,601,C,S,19,287
HlyB Closed Atomistic Repeat,B,E,639,C,D,1,499
HlyB Closed Atomistic Repeat,B,E,639,C,K,3,21
HlyB Closed Atomistic Repeat,B,E,639,C,R,6,2
HlyB Closed Atomistic Repeat,B,E,639,C,V,2,32
HlyB Closed Atomistic Repeat,B,F,587,C,A,8,870
HlyB Closed Atomistic Repeat,B,F,587,C,A,9,128
HlyB Closed Atomistic Repeat,B,F,587,C,E,4,97
HlyB Closed Atomistic Repeat,B,F,587,C,K,3,26
HlyB Closed Atomistic Repeat,B,F,587,C,R,6,2827
HlyB Closed Atomistic Repeat,B,F,587,C,T,7,697
HlyB Closed Atomistic Repeat,B,F,587,C,V,2,8
HlyB Closed Atomistic Repeat,B,G,249,C,D,20,3944
HlyB Closed Atomistic Repeat,B,G,249,C,F,21,4950
HlyB Closed Atomistic Repeat,B,G,249,C,S,22,5309
HlyB Closed Atomistic Repeat,B,G,249,C,Y,23,100
HlyB Closed Atomistic Repeat,B,G,583,C,R,6,2
HlyB Closed Atomistic Repeat,B,G,600,C,A,18,2
HlyB Closed Atomistic Repeat,B,G,600,C,G,16,1234
HlyB Closed Atomistic Repeat,B,G,600,C,L,11,776
HlyB Closed Atomistic Repeat,B,G,600,C,L,14,25
HlyB Closed Atomistic Repeat,B,G,600,C,N,17,52
HlyB Closed Atomistic Repeat,B,G,600,C,S,10,13
HlyB Closed Atomistic Repeat,B,G,600,C,S,15,1706
HlyB Closed Atomistic Repeat,B,G,605,C,A,8,149
HlyB Closed Atomistic Repeat,B,G,605,C,A,9,2718
HlyB Closed Atomistic Repeat,B,G,605,C,L,11,4503
HlyB Closed Atomistic Repeat,B,G,605,C,R,6,71
HlyB Closed Atomistic Repeat,B,G,605,C,S,10,423
HlyB Closed Atomistic Repeat,B,G,605,C,S,15,65
HlyB Closed Atomistic Repeat,B,G,605,C,T,7,83
HlyB Closed Atomistic Repeat,B,G,608,C,A,8,4
HlyB Closed Atomistic Repeat,B,G,608,C,A,9,4
HlyB Closed Atomistic Repeat,B,G,608,C,E,4,37
HlyB Closed Atomistic Repeat,B,G,608,C,E,5,3
HlyB Closed Atomistic Repeat,B,G,608,C,R,6,2620
HlyB Closed Atomistic Repeat,B,G,608,C,T,7,65
HlyB Closed Atomistic Repeat,B,G,609,C,E,4,41
HlyB Closed Atomistic Repeat,B,G,609,C,E,5,2
HlyB Closed Atomistic Repeat,B,G,609,C,R,6,123
HlyB Closed Atomistic Repeat,B,H,5,C,Y,23,2
HlyB Closed Atomistic Repeat,B,I,439,C,Y,23,15
HlyB Closed Atomistic Repeat,B,I,598,C,G,16,137
HlyB Closed Atomistic Repeat,B,I,598,C,L,11,2848
HlyB Closed Atomistic Repeat,B,I,598,C,L,12,3281
HlyB Closed Atomistic Repeat,B,I,598,C,L,14,4927
HlyB Closed Atomistic Repeat,B,I,598,C,N,17,3
HlyB Closed Atomistic Repeat,B,I,598,C,Q,13,5482
HlyB Closed Atomistic Repeat,B,I,598,C,S,10,48
HlyB Closed Atomistic Repeat,B,I,598,C,S,15,6707
HlyB Closed Atomistic Repeat,B,L,554,C,A,18,1
HlyB Closed Atomistic Repeat,B,L,555,C,A,18,2771
HlyB Closed Atomistic Repeat,B,L,555,C,G,16,1
HlyB Closed Atomistic Repeat,B,L,555,C,N,17,321
HlyB Closed Atomistic Repeat,B,L,555,C,S,19,1
HlyB Closed Atomistic Repeat,B,L,591,C,A,8,1610
HlyB Closed Atomistic Repeat,B,L,591,C,A,9,1977
HlyB Closed Atomistic Repeat,B,L,591,C,L,11,119
HlyB Closed Atomistic Repeat,B,L,591,C,Q,13,122
HlyB Closed Atomistic Repeat,B,L,591,C,R,6,56
HlyB Closed Atomistic Repeat,B,L,591,C,S,10,220
HlyB Closed Atomistic Repeat,B,L,591,C,T,7,354
HlyB Closed Atomistic Repeat,B,L,606,C,A,8,285
HlyB Closed Atomistic Repeat,B,L,606,C,A,9,2603
HlyB Closed Atomistic Repeat,B,L,606,C,L,11,275
HlyB Closed Atomistic Repeat,B,L,606,C,Q,13,40
HlyB Closed Atomistic Repeat,B,L,606,C,R,6,117
HlyB Closed Atomistic Repeat,B,L,606,C,S,10,54
HlyB Closed Atomistic Repeat,B,L,606,C,T,7,89
HlyB Closed Atomistic Repeat,B,L,636,C,E,4,91
HlyB Closed Atomistic Repeat,B,M,1,C,S,22,1169
HlyB Closed Atomistic Repeat,B,M,1,C,Y,23,358
HlyB Closed Atomistic Repeat,B,N,326,C,Y,23,10
HlyB Closed Atomistic Repeat,B,N,556,C,A,18,4770
HlyB Closed Atomistic Repeat,B,N,556,C,G,16,5697
HlyB Closed Atomistic Repeat,B,N,556,C,L,11,503
HlyB Closed Atomistic Repeat,B,N,556,C,L,12,1
HlyB Closed Atomistic Repeat,B,N,556,C,L,14,567
HlyB Closed Atomistic Repeat,B,N,556,C,N,17,5997
HlyB Closed Atomistic Repeat,B,N,556,C,S,15,5285
HlyB Closed Atomistic Repeat,B,N,556,C,S,19,1
HlyB Closed Atomistic Repeat,B,N,596,C,Q,13,1709
HlyB Closed Atomistic Repeat,B,Q,260,C,F,21,15
HlyB Closed Atomistic Repeat,B,Q,260,C,Y,23,1
HlyB Closed Atomistic Repeat,B,Q,330,C,S,22,1
HlyB Closed Atomistic Repeat,B,Q,330,C,Y,23,986
HlyB Closed Atomistic Repeat,B,Q,436,C,Y,23,9
HlyB Closed Atomistic Repeat,B,Q,602,C,A,18,1338
HlyB Closed Atomistic Repeat,B,Q,602,C,D,20,12
HlyB Closed Atomistic Repeat,B,Q,602,C,S,19,208
HlyB Closed Atomistic Repeat,B,Q,610,C,A,8,11
HlyB Closed Atomistic Repeat,B,Q,610,C,A,9,8
HlyB Closed Atomistic Repeat,B,Q,610,C,E,4,397
HlyB Closed Atomistic Repeat,B,Q,610,C,E,5,14
HlyB Closed Atomistic Repeat,B,Q,610,C,R,6,951
HlyB Closed Atomistic Repeat,B,R,247,C,D,20,1
HlyB Closed Atomistic Repeat,B,R,247,C,S,22,98
HlyB Closed Atomistic Repeat,B,R,247,C,Y,23,220
HlyB Closed Atomistic Repeat,B,R,254,C,S,22,184
HlyB Closed Atomistic Repeat,B,R,254,C,Y,23,1
HlyB Closed Atomistic Repeat,B,R,256,C,D,20,5
HlyB Closed Atomistic Repeat,B,R,256,C,F,21,5380
HlyB Closed Atomistic Repeat,B,R,256,C,S,22,227
HlyB Closed Atomistic Repeat,B,R,256,C,Y,23,100
HlyB Closed Atomistic Repeat,B,R,443,C,F,21,10
HlyB Closed Atomistic Repeat,B,R,443,C,S,22,1048
HlyB Closed Atomistic Repeat,B,R,443,C,Y,23,808
HlyB Closed Atomistic Repeat,B,R,557,C,A,18,2882
HlyB Closed Atomistic Repeat,B,R,557,C,G,16,140
HlyB Closed Atomistic Repeat,B,R,557,C,N,17,1900
HlyB Closed Atomistic Repeat,B,R,557,C,S,15,3745
HlyB Closed Atomistic Repeat,B,R,557,C,S,19,2
HlyB Closed Atomistic Repeat,B,R,592,C,A,8,1005
HlyB Closed Atomistic Repeat,B,R,592,C,A,9,1221
HlyB Closed Atomistic Repeat,B,R,592,C,D,1,14
HlyB Closed Atomistic Repeat,B,R,592,C,E,4,2
HlyB Closed Atomistic Repeat,B,R,592,C,E,5,125
HlyB Closed Atomistic Repeat,B,R,592,C,L,11,1211
HlyB Closed Atomistic Repeat,B,R,592,C,L,12,159
HlyB Closed Atomistic Repeat,B,R,592,C,Q,13,1783
HlyB Closed Atomistic Repeat,B,R,592,C,R,6,39
HlyB Closed Atomistic Repeat,B,R,592,C,S,10,1296
HlyB Closed Atomistic Repeat,B,R,592,C,T,7,335
HlyB Closed Atomistic Repeat,B,R,592,C,V,2,1
HlyB Closed Atomistic Repeat,B,R,613,C,D,1,5
HlyB Closed Atomistic Repeat,B,R,613,C,E,4,278
HlyB Closed Atomistic Repeat,B,R,613,C,K,3,2
HlyB Closed Atomistic Repeat,B,R,613,C,R,6,47
HlyB Closed Atomistic Repeat,B,R,613,C,V,2,1
HlyB Closed Atomistic Repeat,B,S,3,C,Y,23,1
HlyB Closed Atomistic Repeat,B,S,331,C,Y,23,12
HlyB Closed Atomistic Repeat,B,S,558,C,Q,13,147
HlyB Closed Atomistic Repeat,B,S,558,C,S,15,26
HlyB Closed Atomistic Repeat,B,S,589,C,R,6,9
HlyB Closed Atomistic Repeat,B,S,607,C,A,8,2194
HlyB Closed Atomistic Repeat,B,S,607,C,A,9,2030
HlyB Closed Atomistic Repeat,B,S,607,C,D,1,2
HlyB Closed Atomistic Repeat,B,S,607,C,E,4,271
HlyB Closed Atomistic Repeat,B,S,607,C,E,5,261
HlyB Closed Atomistic Repeat,B,S,607,C,K,3,2
HlyB Closed Atomistic Repeat,B,S,607,C,R,6,5142
HlyB Closed Atomistic Repeat,B,S,607,C,S,10,2
HlyB Closed Atomistic Repeat,B,S,607,C,T,7,3467
HlyB Closed Atomistic Repeat,B,S,607,C,V,2,28
HlyB Closed Atomistic Repeat,B,S,640,C,D,1,68
HlyB Closed Atomistic Repeat,B,S,640,C,E,4,15
HlyB Closed Atomistic Repeat,B,S,640,C,K,3,5
HlyB Closed Atomistic Repeat,B,S,640,C,R,6,1
HlyB Closed Atomistic Repeat,B,T,338,C,Y,23,1
HlyB Closed Atomistic Repeat,B,T,597,C,A,9,43
HlyB Closed Atomistic Repeat,B,T,597,C,L,11,463
HlyB Closed Atomistic Repeat,B,T,597,C,L,14,1
HlyB Closed Atomistic Repeat,B,T,597,C,Q,13,5318
HlyB Closed Atomistic Repeat,B,T,597,C,S,10,264
HlyB Closed Atomistic Repeat,B,T,597,C,S,15,1
HlyB Closed Atomistic Repeat,B,T,597,C,T,7,1
HlyB Closed Atomistic Repeat,B,V,248,C,D,20,3024
HlyB Closed Atomistic Repeat,B,V,252,C,D,20,5271
HlyB Closed Atomistic Repeat,B,V,252,C,F,21,5252
HlyB Closed Atomistic Repeat,B,V,252,C,S,19,4
HlyB Closed Atomistic Repeat,B,V,252,C,S,22,121
HlyB Closed Atomistic Repeat,B,V,255,C,F,21,2
HlyB Closed Atomistic Repeat,B,V,334,C,Y,23,61
HlyB Closed Atomistic Repeat,B,V,599,C,G,16,11
HlyB Closed Atomistic Repeat,B,V,599,C,L,11,1296
HlyB Closed Atomistic Repeat,B,V,599,C,S,10,19
HlyB Closed Atomistic Repeat,B,V,599,C,S,15,269
HlyB Closed Atomistic Repeat,B,V,643,C,K,3,5